{
  "features": {
    "1": {
      "histogram": {
        "0": 0.16260162601626016,
        "1": 0.4002501563477173,
        "2": 0.775484677923702,
        "3": 2.08880550343965,
        "4": 3.7523452157598505,
        "5": 3.0268918073796094,
        "6": 2.4765478424015015,
        "7": 2.1638524077548476,
        "8": 1.0756722951844906,
        "9": 1.2757973733583492,
        "10": 0.9756097560975602,
        "11": 0.400250156347717,
        "12": 0.6003752345215768,
        "13": 0.3502188868042524,
        "14": 0.2251407129455913,
        "15": 0.10006253908692925,
        "16": 0.050031269543464624,
        "17": 0.012507817385866184,
        "18": 0.025015634771732312,
        "19": 0.06253908692933091
      },
      "categories": [],
      "max": 1.0,
      "min": 0.0,
      "median": 0.29203539823008856,
      "variance": 0.023725589857209736,
      "deviation": 0.1540311327531215
    },
    "2": {
      "histogram": {
        "0": 0.21263289555972484,
        "1": 0.7004377736085053,
        "2": 1.838649155722326,
        "3": 3.2270168855534713,
        "4": 2.501563477173234,
        "5": 2.789243277048153,
        "6": 3.577235772357724,
        "7": 2.363977485928706,
        "8": 1.17573483427142,
        "9": 0.6754221388367732,
        "10": 0.46278924327704773,
        "11": 0.1751094434021262,
        "12": 0.17510944340212659,
        "13": 0.050031269543464624,
        "14": 0.025015634771732367,
        "15": 0.012507817385866156,
        "16": 0.025015634771732312,
        "17": 0.0,
        "18": 0.0,
        "19": 0.012507817385866184
      },
      "categories": [],
      "max": 1.0,
      "min": 0.0,
      "median": 0.27397260273972607,
      "variance": 0.015032053918803015,
      "deviation": 0.12260527687992477
    },
    "3": {
      "histogram": {
        "0": 3.4271419637273297,
        "1": 1.6135084427767354,
        "2": 1.688555347091932,
        "3": 0.8505315822388995,
        "4": 2.0137585991244533,
        "5": 1.938711694809254,
        "6": 1.550969355847405,
        "7": 1.0131332082551598,
        "8": 1.400875547217011,
        "9": 1.8761726078799252,
        "10": 0.9631019387116939,
        "11": 0.6879299562226385,
        "12": 0.275171982489056,
        "13": 0.5003126954346462,
        "14": 0.11257035647279565,
        "15": 0.07504690431519694,
        "16": 0.0,
        "17": 0.0,
        "18": 0.0,
        "19": 0.012507817385866184
      },
      "categories": [],
      "max": 1.0,
      "min": 0.0,
      "median": 0.26,
      "variance": 0.03792375112494089,
      "deviation": 0.19474021445233364
    },
    "4": {
      "histogram": {
        "0": 1.726078799249531,
        "1": 10.706691682301438,
        "2": 4.878048780487803,
        "3": 0.9130706691682303,
        "4": 0.5628517823639776,
        "5": 0.2751719824890554,
        "6": 0.3377110694183866,
        "7": 0.22514071294559104,
        "8": 0.03752345215759851,
        "9": 0.10006253908692934,
        "10": 0.0875547217010631,
        "11": 0.012507817385866156,
        "12": 0.0,
        "13": 0.03752345215759847,
        "14": 0.0,
        "15": 0.0,
        "16": 0.012507817385866156,
        "17": 0.050031269543464735,
        "18": 0.0,
        "19": 0.03752345215759855
      },
      "categories": [],
      "max": 1.0,
      "min": 0.0,
      "median": 0.08904109589041098,
      "variance": 0.009320012761633982,
      "deviation": 0.09654021318411299
    },
    "5": {
      "histogram": {
        "0": 0.16260162601626016,
        "1": 5.553470919324578,
        "2": 11.557223264540333,
        "3": 1.7510944340212635,
        "4": 0.2376485303314572,
        "5": 0.2001250781738585,
        "6": 0.11257035647279552,
        "7": 0.11257035647279552,
        "8": 0.03752345215759851,
        "9": 0.0,
        "10": 0.03752345215759847,
        "11": 0.06253908692933077,
        "12": 0.025015634771732367,
        "13": 0.10006253908692925,
        "14": 0.0,
        "15": 0.025015634771732312,
        "16": 0.0,
        "17": 0.0,
        "18": 0.0,
        "19": 0.025015634771732367
      },
      "categories": [],
      "max": 1.0,
      "min": 0.0,
      "median": 0.11185308848080135,
      "variance": 0.00616987500957755,
      "deviation": 0.07854855192540185
    },
    "6": {
      "histogram": {
        "0": 1.1757348342714196,
        "1": 4.627892432770482,
        "2": 2.5015634771732325,
        "3": 3.2520325203252036,
        "4": 2.08880550343965,
        "5": 1.6510318949343326,
        "6": 1.1257035647279552,
        "7": 1.3383364602876802,
        "8": 0.7254534083802378,
        "9": 0.6879299562226393,
        "10": 0.3126954346466539,
        "11": 0.1751094434021262,
        "12": 0.06253908692933091,
        "13": 0.07504690431519694,
        "14": 0.11257035647279565,
        "15": 0.03752345215759847,
        "16": 0.0,
        "17": 0.0,
        "18": 0.03752345215759847,
        "19": 0.012507817385866184
      },
      "categories": [],
      "max": 1.0,
      "min": 0.0,
      "median": 0.18309859154929578,
      "variance": 0.021691421694851217,
      "deviation": 0.14728007908353125
    },
    "7": {
      "histogram": {
        "0": 4.5403377110694185,
        "1": 4.590368980612883,
        "2": 3.639774859287053,
        "3": 2.2514071294559104,
        "4": 1.5884928080050034,
        "5": 1.1757348342714187,
        "6": 0.9005628517823642,
        "7": 0.512820512820513,
        "8": 0.3627267041901189,
        "9": 0.28767979987492187,
        "10": 0.1125703564727954,
        "11": 0.012507817385866156,
        "12": 0.0,
        "13": 0.0,
        "14": 0.0,
        "15": 0.0,
        "16": 0.0,
        "17": 0.0,
        "18": 0.0,
        "19": 0.025015634771732367
      },
      "categories": [],
      "max": 1.0,
      "min": 0.0,
      "median": 0.11307420494699646,
      "variance": 0.013502798581442646,
      "deviation": 0.11620154293916517
    },
    "8": {
      "histogram": {
        "0": 0.06253908692933083,
        "1": 0.0375234521575985,
        "2": 0.13758599124452778,
        "3": 0.2001250781738587,
        "4": 0.38774233896185123,
        "5": 0.7379612257661031,
        "6": 1.0381488430268921,
        "7": 2.08880550343965,
        "8": 2.5390869293308325,
        "9": 3.5272045028142593,
        "10": 3.1769856160100036,
        "11": 2.4515322076297665,
        "12": 1.3508442776735476,
        "13": 0.9631019387116939,
        "14": 0.6754221388367738,
        "15": 0.2501563477173231,
        "16": 0.1751094434021262,
        "17": 0.06253908692933091,
        "18": 0.06253908692933077,
        "19": 0.0750469043151971
      },
      "categories": [],
      "max": 1.0,
      "min": 0.0,
      "median": 0.4904552129221759,
      "variance": 0.019189850982676022,
      "deviation": 0.13852743765289252
    },
    "9": {
      "histogram": {
        "0": 0.012507817385866166,
        "1": 0.012507817385866166,
        "2": 0.18761726078799243,
        "3": 0.15009380863039404,
        "4": 0.5378361475922453,
        "5": 1.1382113821138202,
        "6": 2.0137585991244533,
        "7": 2.501563477173234,
        "8": 3.727329580988118,
        "9": 3.2145090681676054,
        "10": 2.714196372732956,
        "11": 1.688555347091931,
        "12": 1.0631644777986256,
        "13": 0.5878674171357093,
        "14": 0.23764853033145747,
        "15": 0.12507817385866155,
        "16": 0.025015634771732312,
        "17": 0.012507817385866184,
        "18": 0.025015634771732312,
        "19": 0.025015634771732367
      },
      "categories": [],
      "max": 1.0,
      "min": 0.0,
      "median": 0.4488188976377953,
      "variance": 0.014768599566700851,
      "deviation": 0.12152612709496198
    },
    "10": {
      "histogram": {
        "0": 0.16260162601626016,
        "1": 1.726078799249531,
        "2": 5.653533458411505,
        "3": 5.040650406504066,
        "4": 2.9143214509068174,
        "5": 2.2889305816135064,